{
  "$schema": "./node_modules/@angular/cli/lib/config/schema.json",
  "project": {
    "name": "ngx-admin"
  },
  "apps": [{
    "root": "src",
    "outDir": "dist",
    "assets": [
      "assets",
      "favicon.ico",
      "favicon.png"
    ],
    "index": "index.html",
    "main": "main.ts",
    "polyfills": "polyfills.ts",
    "test": "test.ts",
    "tsconfig": "tsconfig.app.json",
    "testTsconfig": "tsconfig.spec.json",
    "styles": [
      "../node_modules/bootstrap/dist/css/bootstrap.css",
      "../node_modules/typeface-exo/index.css",
      "../node_modules/roboto-fontface/css/roboto/roboto-fontface.css",
      "../node_modules/ionicons/scss/ionicons.scss",
      "../node_modules/nebular-icons/scss/nebular-icons.scss",
      "../node_modules/pace-js/templates/pace-theme-flash.tmpl.css",
      "./app/@theme/styles/styles.scss"
    ],
    "scripts": [
      "../node_modules/pace-js/pace.min.js",
      "assets/vendors/echarts.min.js"
    ],
    "environmentSource": "environments/environment.ts",
    "environments": {
      "dev": "environments/environment.ts",
      "prod": "environments/environment.prod.ts"
    }
  }],
  "e2e": {
    "protractor": {
      "config": "./protractor.conf.js"
    }
  },
  "lint": [
    {
      "project": "src/tsconfig.app.json"
    },
    {
      "project": "src/tsconfig.spec.json"
    },
    {
      "project": "e2e/tsconfig.e2e.json"
    }
  ],
  "test": {
    "karma": {
      "config": "./karma.conf.js"
    }
  },
  "defaults": {
    "styleExt": "scss",
    "component": {}
  }
}
